title,originallink,link,description,pubDate,update
"당진시, 마을회관 건축에 공공건축가 참여 복합 표준모델 적용",http://yna.kr/AKR20220406073600063?did=1195m,https://news.naver.com/main/read.naver?mode=LSD&mid=sec&sid1=102&oid=001&aid=0013095935,이 마을회관은 주민 의견을 수렴해 공간을 구성해 사용자 만족도를 높이고 <b>코로나</b>19 팬데믹에 따른 언택트 시대에 공간 분리가 가능한 '모듈러'(modular) 공법을 도입해 에너지 절감까지 고려했다. 조숙경 건축과장은... ,"Wed, 06 Apr 2022 11:17:00 +0900",2022-04-06 11:19:47
"서울시, 2025년까지 ‘공보육’ 비율 70%로 늘린다",https://www.khan.co.kr/local/Seoul/article/202204061115011,https://news.naver.com/main/read.naver?mode=LSD&mid=sec&sid1=102&oid=032&aid=0003138797,우선 저출생과 <b>코로나</b>19 확산 등에 따라 인원 충족률 기준을 70% 이상에서 60%로 완화한다. 장애 아동과 다문화 가정 아동 등 사회취약계층을 얼마나 수용하는지 등을 고려해 가점을 부여하는 형태로 우대한다. 친환경 급... ,"Wed, 06 Apr 2022 11:17:00 +0900",2022-04-06 11:19:47
세대 구분 없이 이용률 증가···10명 중 6명 ‘실시간 방송 판매’로 쇼핑,https://www.khan.co.kr/local/Seoul/article/202204061116001,https://news.naver.com/main/read.naver?mode=LSD&mid=sec&sid1=102&oid=032&aid=0003138799,<b>코로나</b>19 확산으로 비대면 소비가 보편화되면서 실시간 방송 판매(라이브 커머스)를 이용한 쇼핑 비중이 크게 증가한 것으로 나타났다. 서울시는 전국 20~50대 시민 4000명을 대상으로 라이브 커머스 경험을 조사한... ,"Wed, 06 Apr 2022 11:17:00 +0900",2022-04-06 11:19:47
[속보]확진자가 직접 약국에서 처방약 받는다,https://www.nocutnews.co.kr/news/5735418,https://news.naver.com/main/read.naver?mode=LSD&mid=sec&sid1=102&oid=079&aid=0003628677,6일부터 <b>코로나</b>19 확진자들이 직접 약국을 방문해서 의사로부터 처방받은 의약품을 수령할 수 있게 됐다. 이에따라 그동안 가족들의 도움에 의존하느라 겪었던 어려움이 해소될 것으로 전망된다. ※CBS노컷뉴스는... ,"Wed, 06 Apr 2022 11:17:00 +0900",2022-04-06 11:19:47
"광양 ‘만원의 희망’ 찾기 운동, 투병 공무원에게 7700만원 전달",https://www.seoul.co.kr/news/newsView.php?id=20220406500056&wlog_tag3=naver,https://news.naver.com/main/read.naver?mode=LSD&mid=sec&sid1=102&oid=081&aid=0003263602,김 위원장은 “<b>코로나</b>19의 어려운 환경에도 각계각층의 시민들이 자발적으로 아름다운 동행을 실천해 주신데 대해 깊은 감사와 존경을 표한다”며 “하루빨리 모범공무원의 건강이 회복되기를 간절히 바란다”고 말했다.... ,"Wed, 06 Apr 2022 11:17:00 +0900",2022-04-06 11:19:47
'서울형어린이집' 25년까지 800개소로 확대…공보육 강화,https://www.nocutnews.co.kr/news/5735286,https://news.naver.com/main/read.naver?mode=LSD&mid=sec&sid1=004&oid=079&aid=0003628676,"서울시는 또 저출생과 <b>코로나</b>19 등 변화하는 보육환경과 보육의 질 중심 평가, 사회취약계층(장애아·다문화... 김선순 서울시 여성가족정책실장은 &quot;저출생, <b>코로나</b>19 등 환경변화와 보육현장의 수요를 반영해... ","Wed, 06 Apr 2022 11:17:00 +0900",2022-04-06 11:19:47
"'S펜' 든 갤럭시S22, GOS 논란딪고 100만대 돌파한다",http://news.bizwatch.co.kr/article/industry/2022/04/06/0005,https://news.naver.com/main/read.naver?mode=LSD&mid=sec&sid1=101&oid=648&aid=0000007228,강민수 카운터포인트리서치 연구원은 &quot;갤럭시 S22 판매의 초기 흥행은 전작 출시 시기와 비교해 <b>코로나</b> 상황이 안정되고 있다는 측면과 기존의 탄탄한 수요층을 가지고 있던 노트 시리즈에 대한 대체 모델로서... ,"Wed, 06 Apr 2022 11:17:00 +0900",2022-04-06 11:19:47
"대전시, 민간건축공사 지역 하도급 수주 컨디션 ‘맑음’",http://news.heraldcorp.com/view.php?ud=20220406000393,https://news.naver.com/main/read.naver?mode=LSD&mid=sec&sid1=102&oid=016&aid=0001973919,"허태정 시장은“지역업체 참여율이 지속적으로 상승하고 있는 현상은 <b>코로나</b>로 힘든 겨울을 보내고 있는 지역건설업계에 가뭄에 단비와 같은 소식”이라며, “지속적인 현장관리와 시공사와의 적극적으로 소통으로... ","Wed, 06 Apr 2022 11:17:00 +0900",2022-04-06 11:19:47
"비투비 이민혁, '꽃다발 보다 빛나는 외모' [MD포토]",http://www.mydaily.co.kr/new_yk/html/read.php?newsid=202204061116397219&ext=na&utm_campaign=naver_news&utm_source=naver&utm_medium=related_news,https://news.naver.com/main/read.naver?mode=LSD&mid=sec&sid1=106&oid=117&aid=0003591418,'2022 보령해양머드박람회'(보령 머드축제)는 <b>코로나</b>19 팬데믹 이후 국내에서 치러지는 첫 국제 박람회로 오는 7월 16일부터 8월 15일까지 31일간 충남 보령시 대천해수욕장에서 열린다.,"Wed, 06 Apr 2022 11:17:00 +0900",2022-04-06 11:19:47
"[주식초고수는 지금] 일동제약, <b>코로나</b> 치료제 승인 기대감에 매수·매도 1위",https://www.sedaily.com/NewsView/264L7OAFFP,https://news.naver.com/main/read.naver?mode=LSD&mid=sec&sid1=101&oid=011&aid=0004038815,일동제약은 최근 일본 시오노기제약과 공동 개발 중인 먹는 <b>코로나</b>19 치료제의 상용화 기대감에 시장의 관심이 집중되고 있다. 일동제약이 공동 개발하고 있는 <b>코로나</b>19 치료제 후보물질 ‘S-217622’가 일본에서는... ,"Wed, 06 Apr 2022 11:16:00 +0900",2022-04-06 11:19:47
"고성군, 5월 2일까지 지방소득세 확정 신고 기간 운영",https://mbcnewsgangwon.co.kr/article/yOvgbJP2KkpoYXyBpURL,https://mbcnewsgangwon.co.kr/article/yOvgbJP2KkpoYXyBpURL,"신고, 납부는 위택스를 통한 전자신고와 고성군청 재무과에 우편으로 할 수 있습니다. 고성군은 <b>코로나</b>19로 경영에 어려움을 겪고 있는 지역 기업이 납부 연장 신청을 할 경우 적극 검토해 연장해줄 방침입니다.","Wed, 06 Apr 2022 11:16:00 +0900",2022-04-06 11:19:47
"고양시, 청소년들에게 도서교환권 지급 '친구야! 책방가자~ ' 운영",http://www.lecturernews.com/news/articleView.html?idxno=94053,http://www.lecturernews.com/news/articleView.html?idxno=94053,고양시 관계자는 &quot;<b>코로나</b>19 장기화로 많은 걸 잃어버린 청소년이 자신의 꿈과 미래를 위한 책을 고를 수 있는 사업&quot;이라며 &quot;청소년이 마을의 교육 놀이터인 동네 책방을 자유롭게 드나들 수 있는 기회가 되길 바란다.&quot;고... ,"Wed, 06 Apr 2022 11:16:00 +0900",2022-04-06 11:19:47
"경남 <b>코로나</b> 1만7182명, 26명 사망",http://www.kukinews.com/newsView/kuk202204060064,http://www.kukinews.com/newsView/kuk202204060064,"1%이다. 위중증 환자는 46명(치료중인 환자대비 0.04%)이다. 병상 가동률은 42.7%, <b>코로나</b> 19 예방접종률은 1차접종 287만6171명(87.1%), 2차접종 284만4236명(86.2%), 3차접종 209만5601명(63.5%)이다. 창원=","Wed, 06 Apr 2022 11:16:00 +0900",2022-04-06 11:19:47
<b>코로나</b>19 속 소비트렌트 변화…10명 중 6명 라이브커머스 ‘경험’,http://www.edaily.co.kr/news/newspath.asp?newsid=02528886632293496,https://news.naver.com/main/read.naver?mode=LSD&mid=sec&sid1=102&oid=018&aid=0005183476,<b>코로나</b>19 장기화로 라이브커머스(실시간 방송 판매)를 통해 일상 용품을 구매하는 소비자들이 크게 늘고... 서울시는 <b>코로나</b>19 장기화와 소비트랜드 변화 등 비대면 쇼핑 일상화로 급증하고 있는 라이브커머스... ,"Wed, 06 Apr 2022 11:16:00 +0900",2022-04-06 11:19:47
"캠코 60주년, &quot;소상공인*자영업자 지원에 모든 역량 집중할 것&quot;",https://busanmbc.co.kr/article/SAcbR86anVUZtkBfXZAO,https://busanmbc.co.kr/article/SAcbR86anVUZtkBfXZAO,"부산에 본사를 둔 한국자산관리공사 캠코는 오늘(6) 오전 부산국제금융센터 3층 캠코마루에서 창립 60주년 기념식을 개최하고, <b>코로나</b>19로 어려움을 겪고 있는 소상공인과 자영업자에 대한 지원에 총력을 다하겠다고... ","Wed, 06 Apr 2022 11:16:00 +0900",2022-04-06 11:19:47
서울시 '서울형어린이집' 2025년까지 800개소로 확대한다,https://www.etoday.co.kr/news/view/2121228,https://www.etoday.co.kr/news/view/2121228,"김선순 서울시 여성가족정책실장은 “저출생, <b>코로나</b>19 등 환경변화와 보육현장의 수요를 반영해 서울형어린이집 지원은 확대하고 진입장벽은 완화할 계획”이라며 “국공립어린이집 확충과 함께 서울형어린이집을... ","Wed, 06 Apr 2022 11:16:00 +0900",2022-04-06 11:19:47
2022년 아웃소싱 산업 리딩할 [대한민국 100대 아웃소싱기업] 책자 발간,http://www.outsourcing.co.kr/news/articleView.html?idxno=93729,http://www.outsourcing.co.kr/news/articleView.html?idxno=93729,3년째를 맞이한 <b>코로나</b>19 바이러스발 경기침체와 고용불안이 아웃소싱업계에도 심각한 타격을 입히며 진행중이지만 이번 고비를 지나고 나면 본격적인 경기회복세가 기대되고 있다. 아웃소싱타임스는 창간 27주년을... ,"Wed, 06 Apr 2022 11:16:00 +0900",2022-04-06 11:19:47
벚꽃개화기 은파호수공원 <b>코로나</b> 방역질서 유지 비상근무 실시,http://www.discoverynews.kr/news/articleView.html?idxno=775347,http://www.discoverynews.kr/news/articleView.html?idxno=775347,시 관계자는 &quot;벚꽃 개화기 관광지에 많은 관광객이 몰릴 것으로 예상되며 <b>코로나</b>19 변이 등에 대한 주의가 요구되고 있다&quot;며 &quot;비상 근무를 통해 방역과 질서유지에 만전을 다 하도록 최선을 다 하겠다&quot;고 말했다.,"Wed, 06 Apr 2022 11:16:00 +0900",2022-04-06 11:19:47
‘서울형어린이집’ 2025년까지 800개소 확대…“공보육 강화”,http://www.edaily.co.kr/news/newspath.asp?newsid=02525606632293496,https://news.naver.com/main/read.naver?mode=LSD&mid=sec&sid1=102&oid=018&aid=0005183475,"김선순 서울시 여성가족정책실장은 “저출생, <b>코로나</b>19 등 환경변화와 보육현장의 수요를 반영해 서울형어린이집의 지원은 확대하고 진입장벽은 완화할 계획”이라며 “서울형어린이집을 대폭 늘려 2025년까지 서울시... ","Wed, 06 Apr 2022 11:16:00 +0900",2022-04-06 11:19:47
글로벌 시장에서 '홈런' 에이피알 급성장에 '눈길',http://www.econovill.com/news/articleView.html?idxno=571288,http://www.econovill.com/news/articleView.html?idxno=571288,"비즈니스도 <b>코로나</b> 시국이 마무리 되어가며 확장할 계획이다. 지난해 에이피알은 캐나다, 말레이시아 법인을 설립했으며 연내 영국, 프랑스 등 유럽 대륙으로도 진출할 계획을 추진 중이다. 특히 <b>코로나</b> 종식에... ","Wed, 06 Apr 2022 11:16:00 +0900",2022-04-06 11:19:47
농촌 어르신들 병원 가려면 왕복 1시간 더 걸려…의료 접근성 취약,http://www.newsis.com/view/?id=NISX20220406_0001822729&cID=10401&pID=10400,https://news.naver.com/main/read.naver?mode=LSD&mid=sec&sid1=101&oid=003&aid=0011106394,"다음으로 '<b>코로나</b>19로 시설을 운영하지 않아서'(25.5%)와 '이용시설 부재'(16.7%) 등 시설 운영의 정상화와 복지시설의 지속적인 확충이 필요한 것으로 나타났다. 농어촌 주민 종합 생활 만족도는 53.4점으로, 환경·경관... ","Wed, 06 Apr 2022 11:16:00 +0900",2022-04-06 11:19:47
"익산 농촌관광, 현장에서 답을 찾다",https://www.jjan.kr/article/20220406580055,https://www.jjan.kr/article/20220406580055,시농촌활력과 권영택 담당은 “이번 포럼을 통해 지속 가능한 관광생태계 구축과 <b>코로나</b>19 이후 농촌관광과 연계한 여행상품 개발에 대한 방향성 모색의 중요성이 새삼 강조됐다. 익산이 농촌관광의 메카로 자리매김 할수... ,"Wed, 06 Apr 2022 11:16:00 +0900",2022-04-06 11:19:47
"현대글로비스 &quot;소비자 64%, 첫차로 중고차 선호…허위매물은 걸림돌&quot;",https://www.dailian.co.kr/news/view/1100513/?sc=Naver,https://news.naver.com/main/read.naver?mode=LSD&mid=sec&sid1=101&oid=119&aid=0002591817,기존에는 중고차를 직접 보고 고르는 방식이 지배적이었으나 <b>코로나</b>19 장기화로 인한 이커머스 소비 트렌드 확산이 중고차 시장에도 영향을 끼친 것으로 분석된다고 회사 측은 설명했다. 첫차로 가장 희망하는 차종은... ,"Wed, 06 Apr 2022 11:16:00 +0900",2022-04-06 11:19:47
"DGB대구은행, '비대면 실명확인 얼굴인증' 서비스 순항... 전자 금융거래 전반...",https://www.foodneconomy.com/news/articleView.html?idxno=334751,https://www.foodneconomy.com/news/articleView.html?idxno=334751,DGB대구은행 관계자는 &quot;<b>코로나</b>19 장기화로 언택트 금융 비중이 크게 증가함에 따라 시간에 제한 없는 서비스 제공이 필요했다&quot;는 배경을 설명하면서 &quot;기존 비대면 실명확인 방식인 계좌검증 또는 영상통화에 얼굴인증을... ,"Wed, 06 Apr 2022 11:16:00 +0900",2022-04-06 11:19:47
"[B tv 부산뉴스] 거리두기 완화, 영업시간 사라진 음식점",http://ch1.skbroadband.com/content/view?parent_no=24&content_no=54&p_no=139365,http://ch1.skbroadband.com/content/view?parent_no=24&content_no=54&p_no=139365,<b>코로나</b>19로 인한 거리두기가 완화 되면서 움츠렸던 지역 경제도 활기를 찾는 모습입니다. 아직 완전한... <b>코로나</b>19로 인한 사회적 거리두기가 추가로 완화됐습니다. 4일부터 사적모임 인원은 10명으로 늘었고... ,"Wed, 06 Apr 2022 11:16:00 +0900",2022-04-06 11:19:47
"프루프포인트, 한국법인 설립.. 북아시아 시장 공략 본격화",https://www.straightnews.co.kr/news/articleView.html?idxno=207908,https://www.straightnews.co.kr/news/articleView.html?idxno=207908,최근 프루프포인트는 고객사인 한 제약기업의 <b>코로나</b>19 백신 관련 영업 비밀 유출사고를 예방해 화제가 된 바 있다. 해당 제약사에서 근무하고 있는 직원이 영업 비밀을 외부에 유출하기 위해 회사 클라우드에서 다수의... ,"Wed, 06 Apr 2022 11:16:00 +0900",2022-04-06 11:19:47
"세계은행, 올해 베트남 경제성장률 전망치 5.3%로 낮춰",http://www.insidevina.com/news/articleView.html?idxno=19844,http://www.insidevina.com/news/articleView.html?idxno=19844,"(사진=vnexpress) 세계은행(WB)이 지난 1분기 <b>코로나</b>19 감염자 급증과 주요 수출시장의 경기 침체를 반영해... 새로운 <b>코로나</b>19 변이 바이러스 발생, 유가 및 원자재가 고공행진, 내수회복 둔화 및 노동력 부족 등... ","Wed, 06 Apr 2022 11:16:00 +0900",2022-04-06 11:19:47
"SPC그룹, '상생 양파빵' 6종 출시",http://www.econovill.com/news/articleView.html?idxno=571289,http://www.econovill.com/news/articleView.html?idxno=571289,농협은 전국 농협은행을 통해 어려운 이웃과 <b>코로나</b>19 방역 활동 봉사자들에게 양파빵을 기부하기로 했다. SPC그룹은 지난해에 이어 올해도 <b>코로나</b>19로 확산으로 인한 양파 소비 급감으로 어려움에 처한 무안 양파... ,"Wed, 06 Apr 2022 11:16:00 +0900",2022-04-06 11:19:47
목숨걸고 백신 90번 맞은 60대 남성…이유 알고보니,http://news.mk.co.kr/newsRead.php?no=308886&year=2022,https://news.naver.com/main/read.naver?mode=LSD&mid=sec&sid1=104&oid=009&aid=0004945676,하루 최대 3번 맞기도 백신 반대자에 증명서 판매 <b>코로나</b>19 백신 접종 증명서를 팔기 위해 백신을 90번가량... 초까지 <b>코로나</b>19 백신을 최소 87번 접종한 혐의를 받고 있다. A씨는 자신의 이름과 생년월일로 백신 접종을... ,"Wed, 06 Apr 2022 11:16:00 +0900",2022-04-06 11:19:47
"MS, 윈도11에 실시간 자막 처리 기능 추가",https://www.nbntv.co.kr/news/articleView.html?idxno=964779,https://www.nbntv.co.kr/news/articleView.html?idxno=964779,MS 화상회의 앱 '팀즈'/사진=MS <b>코로나</b>19로 재택근무가 증가하자 마이크로소프트(MS)가 이 같은 트렌드에 초점을 맞춰 윈도11에 화상회의 기능을 추가했다. 5일(현지 시각) CNN은 MS가 윈도11 출시 6개월 만에 화상회의... ,"Wed, 06 Apr 2022 11:16:00 +0900",2022-04-06 11:19:47
"서울시, 2025년까지 '서울형어린이집' 800개소로 확대",http://www.fnnews.com/news/202204061036276790,https://news.naver.com/main/read.naver?mode=LSD&mid=sec&sid1=102&oid=014&aid=0004815562,"김선순 서울시 여성가족정책실장은 &quot;저출생, <b>코로나</b>19 등 환경변화와 보육현장의 수요를 반영해 서울형어린이집의 지원은 확대하고 진입장벽은 완화할 계획&quot;이라며 &quot;국공립어린이집 확충과 함께 서울형어린이집을 대폭... ","Wed, 06 Apr 2022 11:16:00 +0900",2022-04-06 11:19:47
"스리랑카, 시위 맞서 발동한 비상사태 해제…여론 압박에 밀려",http://yna.kr/AKR20220406069400077?did=1195m,https://news.naver.com/main/read.naver?mode=LSD&mid=sec&sid1=104&oid=001&aid=0013095934,"관광산업 의존도가 높은데다 대외 채무가 많은 스리랑카 경제는 2019년 4월 부활절 테러, 신종 <b>코로나</b>바이러스 감염증(<b>코로나</b>19) 사태, 우크라이나 전쟁 등이 겹치면서 무너졌다. 외화 부족으로 식품, 의약품, 종이 등 필수품... ","Wed, 06 Apr 2022 11:16:00 +0900",2022-04-06 11:19:47
[<b>코로나</b>19] 팬데믹으로 얼었던 하늘 풀리나…&quot;국제선 운항 순차적 정상화&quot;,http://www.todaykorea.co.kr/news/articleView.html?idxno=298232,http://www.todaykorea.co.kr/news/articleView.html?idxno=298232,투데이코리아=박서경 기자 |국내 신종 <b>코로나</b>바이러스 감염증(<b>코로나</b>19) 신규 확진자 수가 28만6272명을 기록한 가운데 정부는 국제선 운항을 순차적으로 정상화하겠다는 계획을 밝혔다. 6일 질병관리청... ,"Wed, 06 Apr 2022 11:16:00 +0900",2022-04-06 11:19:47
"장흥군, 지방소멸대응 투자계획 용역 중간보고회 가져",http://www.m-i.kr/news/articleView.html?idxno=909484,http://www.m-i.kr/news/articleView.html?idxno=909484,또한 지난3월22일에는 인구활력사업 보고회를 <b>코로나</b> 상황을 감안하여PC영상회의로 개최한 바 있다. 군 관계자는&quot;장흥만의 특화된 자원을 활용하여 지역 매력을 향상할 수 있는 투자계획을 수립함으로써 향후... ,"Wed, 06 Apr 2022 11:16:00 +0900",2022-04-06 11:19:47
"계룡건설 컨소시엄, ‘리더스시티 5BL’ 7일 사이버 견본주택 오픈",http://www.rcast.co.kr/sub02.php?BRD_ID=1649211313283,http://www.rcast.co.kr/sub02.php?BRD_ID=1649211313283,타입 별 가구수는 ▲59㎡A 325가구 ▲59㎡B 222가구 ▲74㎡A 310가구 ▲74㎡B 200가구 ▲84㎡A 49가구 ▲84㎡B 86가구다.리더스시티 5BL은 <b>코로나</b>19 확산 방지를 위해 공식 홈페이지에 마련된 사이버 견본주택으로 운영된다.... ,"Wed, 06 Apr 2022 11:16:00 +0900",2022-04-06 11:19:47
"힘펠, 일바와 제휴…인테리어 시장 공격적 행보 나선다",http://www.pinpointnews.co.kr/news/articleView.html?idxno=107448,http://www.pinpointnews.co.kr/news/articleView.html?idxno=107448,앞세워 <b>코로나</b>19 이후 각광받고 있는 가전테리어(가전+인테리어) 시장 공략에 적극 나선다. 가전과 가구는... 힘펠은 지난해 <b>코로나</b>19로 인해 실내 공기질 개선에 초점을 맞춘 환기 인테리어 시장이 빠르게 확대됨에 따라... ,"Wed, 06 Apr 2022 11:16:00 +0900",2022-04-06 11:19:47
"서울시, 라이브커머스 이용2배 증가",http://www.fnnews.com/news/202204061036244727,https://news.naver.com/main/read.naver?mode=LSD&mid=sec&sid1=102&oid=014&aid=0004815560,서울시는 <b>코로나</b>19 이후 비대면 쇼핑 일상화로 급증하고 있는 '라이브커머스' 이용실태조사 결과를 6일 발표했다. 조사결과 답변자의 57.9%(4000명 중 2315명)가 라이브커머스를 이용한 적이 있다고 답했다. 이는... ,"Wed, 06 Apr 2022 11:16:00 +0900",2022-04-06 11:19:47
"도이체방크 “美, 내년 말 경기침체”…긴축 가속에 ‘경착륙’ 예상",https://biz.chosun.com/international/international_economy/2022/04/06/22IGIXD665B7XLMIMGAMPFJOSY/?utm_source=naver&utm_medium=original&utm_campaign=biz,https://news.naver.com/main/read.naver?mode=LSD&mid=sec&sid1=104&oid=366&aid=0000804568,"도이체방크는 2024년 실업률이 5% 이상까지 오를 것으로 예상하면서, 이는 지난 2009년 금융위기 당시의 10%나 2020년 <b>코로나</b>바이러스 감염증(<b>코로나</b>19) 팬데믹 시작 당시 14.7%에 비해 낮은 수치라고 했다. 앞서 금융권에서는... ","Wed, 06 Apr 2022 11:16:00 +0900",2022-04-06 11:19:47
국민의힘 정상철 &quot;대전시민 생명지킴이&quot; 릴레이 헌혈봉사,http://www.joongdo.co.kr/web/view.php?key=20220406010001315,http://www.joongdo.co.kr/web/view.php?key=20220406010001315,예비후보가 <b>코로나</b>19 확진자 급증으로 혈액수급이 부족한 상황을 돕기 위해 헌혈 봉사에 나섰다. 정 예비후보는 5일 헌혈의 집 충남대 센터에서 자신을 비롯한 지지자 100여 명과 릴레이 헌혈을 했다. 최근 대전은 <b>코로나</b>19... ,"Wed, 06 Apr 2022 11:16:00 +0900",2022-04-06 11:19:47
"광주시, SW 기업사업화 5개 과제 추진…국비 15억 확보",http://www.newsis.com/view/?id=NISX20220406_0001822704&cID=10809&pID=10800,https://news.naver.com/main/read.naver?mode=LSD&mid=sec&sid1=102&oid=003&aid=0011106392,<b>코로나</b> 이후 우울과 불안장애 등 정신건강 문제 해결에 디지털 기술을 활용해 생활에 적용하는 사례가 될 것으로 기대된다. ㈜비에이에너지는 빅데이터를 활용한 배터리 안전 운송 솔루션 개발 과제를 통해 최근 안전... ,"Wed, 06 Apr 2022 11:15:00 +0900",2022-04-06 11:19:47
억만장자 쿠퍼맨 &quot;美 경기침체 오더라도 난 이 주식 더 살 것&quot;,http://www.wowtv.co.kr/NewsCenter/News/Read?articleId=A202204060109&t=NN,https://news.naver.com/main/read.naver?mode=LSD&mid=sec&sid1=101&oid=215&aid=0001024201,쿠퍼맨은 &quot;재작년 <b>코로나</b>19 사태 이후 연준이 많은 것을 놓치고 있다&quot;면서 &quot;인플레이션을 잡기 위한 연준의 금리인상 정책이 결국 미국의 경기 침체 가능성을 확대하고 있다&quot;고 분석했다. 앞서 미국 노동부는 지난 10일... ,"Wed, 06 Apr 2022 11:15:00 +0900",2022-04-06 11:19:47
1주간 학생 25만여 명 <b>코로나</b>19 확진...등교 학생 90.2%,https://www.ytn.co.kr/_ln/0103_202204061115199207,https://news.naver.com/main/read.naver?mode=LSD&mid=sec&sid1=102&oid=052&aid=0001722697,오미크론 변이 대유행이 감소세를 보이는 가운데 최근 1주간 전국 학생 25만여 명이 <b>코로나</b>19에 확진됐습니다. 교육부는 지난달 29일부터 그제(4일)까지 1주간 전국의 학생 <b>코로나</b>19 확진자는 25만 553명으로... ,"Wed, 06 Apr 2022 11:15:00 +0900",2022-04-06 11:19:47
[톺아보기] 검은 백조 신드롬,https://view.asiae.co.kr/article/2022040611153214184,https://news.naver.com/main/read.naver?mode=LSD&mid=sec&sid1=110&oid=277&aid=0005069655,"미국의 9·11 사태, 대통령 탄핵, <b>코로나</b> 팬데믹(세계적 대유행), 러시아의 우크라이나 침공 같은 일련의... 지난 과거의 경험에 의거한 평균적인 생각은 <b>코로나</b>의 정점을 잘못 예측하는 데 상당한 기여를 했다. 과거 사스나... ","Wed, 06 Apr 2022 11:15:00 +0900",2022-04-06 11:19:47
"빗장 풀리는 하늘길, 카드업계 해외여행 특화 마케팅 활발",https://view.asiae.co.kr/article/2022040609052585849,https://news.naver.com/main/read.naver?mode=LSD&mid=sec&sid1=101&oid=277&aid=0005069650,세계 각국이 <b>코로나</b>19 팬데믹(세계적 대유행)에 따라 닫아 걸었던 해외관광객 입국을 하나 둘씩 풀기... 하지만 카드 해외 사용금액은 <b>코로나</b>19로 큰 타격을 입었다. 한국은행이 지난달 발표한 지난해 거주자의 카드... ,"Wed, 06 Apr 2022 11:15:00 +0900",2022-04-06 11:19:47
'서울형 어린이집' 2025년까지 800개소로 확대…공보육 강화,https://www.news1.kr/articles/?4639228,https://news.naver.com/main/read.naver?mode=LSD&mid=sec&sid1=102&oid=421&aid=0006012066,"김선순 서울시 여성가족정책실장은 &quot;저출생, <b>코로나</b>19 등 환경변화와 보육현장의 수요를 반영해 서울형어린이집의 지원은 확대하고 진입장벽은 완화할 계획&quot;이라며 &quot;국공립어린이집 확충과 함께 서울형 어린이집을... ","Wed, 06 Apr 2022 11:15:00 +0900",2022-04-06 11:19:47
'서울형어린이집' 확 늘어난다…2025년까지 800곳으로 확대,http://www.newsis.com/view/?id=NISX20220406_0001822545&cID=10201&pID=10200,https://news.naver.com/main/read.naver?mode=LSD&mid=sec&sid1=102&oid=003&aid=0011106387,김선순 서울시 여성가족정책실장은 &quot;저출생·<b>코로나</b>19 등 환경변화와 보육현장의 수요를 반영해 서울형어린이집의 지원은 확대하고 진입장벽은 완화할 것&quot;이라며 &quot;국공립어린이집 확충과 함께 서울형어린이집을 대폭... ,"Wed, 06 Apr 2022 11:15:00 +0900",2022-04-06 11:19:47
"비투비 서은광, '양승조 지사와 주먹 인사' [MD포토]",http://www.mydaily.co.kr/new_yk/html/read.php?newsid=202204061114968075&ext=na&utm_campaign=naver_news&utm_source=naver&utm_medium=related_news,https://news.naver.com/main/read.naver?mode=LSD&mid=sec&sid1=106&oid=117&aid=0003591415,'2022 보령해양머드박람회'(보령 머드축제)는 <b>코로나</b>19 팬데믹 이후 국내에서 치러지는 첫 국제 박람회로 오는 7월 16일부터 8월 15일까지 31일간 충남 보령시 대천해수욕장에서 열린다.,"Wed, 06 Apr 2022 11:15:00 +0900",2022-04-06 11:19:47
'<b>코로나</b> 확진자 안내문' 열어봤더니…'악성 파일' 주의,http://www.newsis.com/view/?id=NISX20220406_0001822680&cID=10406&pID=13100,https://news.naver.com/main/read.naver?mode=LSD&mid=sec&sid1=105&oid=003&aid=0011106391,기사내용 요약출처 불분명한 문서 파일 주의 최신 보안 패치 적용 및 백신 최신 버전 유지해야 '<b>코로나</b>... '<b>코로나</b> 확진자 및 동거인 안내문' 위장 지난 3월 역대 최다 일일 <b>코로나</b>19 확진자 수를 기록한 가운데 '확진자 및... ,"Wed, 06 Apr 2022 11:15:00 +0900",2022-04-06 11:19:47
위스키 인기에 '오픈런' 넘어 '직구'까지…酒 고픈 애호가들,https://view.asiae.co.kr/article/2022040608400280734,https://news.naver.com/main/read.naver?mode=LSD&mid=sec&sid1=101&oid=277&aid=0005069654,<b>코로나</b> 이전인 2019년(19억원)과 비교하면 3배가량으로 늘었다. 여행 수요 감소로 해외 직구가 전체적으로... 한국주류수입협회 관계자는 &quot;우리나라 주류 시장은 <b>코로나</b>19 전과 후로 나눌 수 있을 정도로 변화가 많았는데... ,"Wed, 06 Apr 2022 11:15:00 +0900",2022-04-06 11:19:47
"SPC그룹, '가격 폭락' 양파 농가 돕는 '상생 양파빵' 출시",http://www.econonews.co.kr/news/articleView.html?idxno=242148,http://www.econonews.co.kr/news/articleView.html?idxno=242148,"SPC그룹은 파리바게뜨를 통해 '무안양파빵' 6종을 출시해 양파 소비를 활성화하고, 농협은 전국 농협은행을 통해 어려운 이웃 및 <b>코로나</b>19 방역 활동 봉사자들에게 양파빵을 기부할 예정이다. 이를 위해 6일 SPC그룹... ","Wed, 06 Apr 2022 11:14:00 +0900",2022-04-06 11:19:47
"청렴도 1등급 도전…대구시 갑질, 꼰대 문화 없앤다",http://news.kmib.co.kr/article/view.asp?arcid=0016945812&code=61122020&cp=nv,https://news.naver.com/main/read.naver?mode=LSD&mid=sec&sid1=102&oid=005&aid=0001517056,"시 본청 팀장(5급) 초과근무수당 상한제 자율 시행(<b>코로나</b>19 대응 부서 등 제외), 실·국 렌터카 확대 및 업무용 택시 이용 활성화, 관내여비 부정수령 감찰 강화, 법인카드 쪼개기 등 편법 집행 모니터링 등을 실시한다.... ","Wed, 06 Apr 2022 11:14:00 +0900",2022-04-06 11:19:47
"보성군, 식품·이미용업소 환경개선 지원 확대",http://www.fnnews.com/news/202204061108384679,https://news.naver.com/main/read.naver?mode=LSD&mid=sec&sid1=102&oid=014&aid=0004815554,보성군 관계자는 &quot;<b>코로나</b>로 인해 지역 소상공인들의 어려움이 크다&quot;며 &quot;쾌적하고 위생적인 환경을 조성하기 위해 노력하는 지역 소상공인과 함께 노력해 지역상권 활성화를 이끌겠다&quot;고 말했다.,"Wed, 06 Apr 2022 11:14:00 +0900",2022-04-06 11:19:47
"장민호 팬클럽, 강원도 산불 지원위해 성금 쾌척…선한 영향력ing",http://www.slist.kr/news/articleView.html?idxno=344309,http://www.slist.kr/news/articleView.html?idxno=344309,또 장민호의 생일과 신곡 발매를 기념해 <b>코로나</b>19 극복 및 취약계층 지원을 위한 전국 단위의 기부 릴레이를 펼쳐 적십자 지사에 성금을 전달하기도 했다. 2020년에는 장민호의 고향인 인천지역의 수재민 지원을 위해 6천만... ,"Wed, 06 Apr 2022 11:14:00 +0900",2022-04-06 11:19:47
"원자재값 폭등에…공정위, 납품단가 후려치기 긴급 실태조사",https://view.asiae.co.kr/article/2022040611143297039,https://news.naver.com/main/read.naver?mode=LSD&mid=sec&sid1=101&oid=277&aid=0005069649,"<b>코로나</b>19, 러시아의 우크라이나 침공으로 원자재 가격이 급등했지만 납품단가 조정이 원활히 이뤄지지 않아 하도급업체의 어려움이 가중되고 있다는 판단에서다. 하도급법에 따르면 하도급업체는 원자재 등 공급원가... ","Wed, 06 Apr 2022 11:14:00 +0900",2022-04-06 11:19:47
"흥국화재, ‘대한민국 방역왕 챌린지’ 메타버스 시상식 개최",http://www.thevaluenews.co.kr/news/view.php?idx=168428,http://www.thevaluenews.co.kr/news/view.php?idx=168428,대한민국' 캠페인 시리즈로 진행된 '대한민국 방역왕 챌린지'는 <b>코로나</b>19 장기화 및 대확산 속 지쳐있는 의료진을 응원하고 격려하기 위한 취지로 기획됐다. '대한민국 방역왕 챌린지' 시상식. [이미지=흥국화재]... ,"Wed, 06 Apr 2022 11:14:00 +0900",2022-04-06 11:19:47
"NH證, 주택도시기금 전담운용기관 우선협상대상자 선정",https://biz.newdaily.co.kr/site/data/html/2022/04/06/2022040600073.html,https://biz.newdaily.co.kr/site/data/html/2022/04/06/2022040600073.html,NH투자증권은 지난 <b>코로나</b>19 초기에 시장 변동성 확대로 기금 수익률을 올리기 어려운 상황에서 위기관리지수 및 위기대책반을 도입해 적극적인 위험관리 능력으로 안정적인 수익률을 유지했다. 지난 2020년... ,"Wed, 06 Apr 2022 11:14:00 +0900",2022-04-06 11:19:47
경남 사천시 ‘사천사랑 시티투어’ 운행 시작,http://www.inews24.com/view/1467366,https://news.naver.com/main/read.naver?mode=LSD&mid=sec&sid1=102&oid=031&aid=0000664363,경상남도 사천시는 신종 <b>코로나</b>바이러스 감염증(<b>코로나</b>19)으로 잠정 연기됐던 ‘사천사랑 시티투어’를 올해부터 본격 운행한다고 6일 밝혔다. ‘사천사랑 시티투어’는 5일부터 오는 12월31일까지 타 지역 거주자(사천시... ,"Wed, 06 Apr 2022 11:14:00 +0900",2022-04-06 11:19:47
"국립극단, ‘창작공감’ 함께할 연극인 찾는다",https://vop.co.kr/A00001610792.html,https://vop.co.kr/A00001610792.html,"가뭄, 산불, 홍수 등 현재 진행 중인 기후변화, <b>코로나</b>19가 바꾼 인류의 생활양식, 에너지를 두고 싸운 인류의 역사, 기후변화와 정치권, 멸종 동물 종과 초월 동물 종 등 다양한 각도에서 기후위기를 재조명하고 연극적... ","Wed, 06 Apr 2022 11:14:00 +0900",2022-04-06 11:19:47
삼성·LG 전자 1분기 최대 실적 예고…'실적 보릿고개' 가뿐히 넘었다,https://view.asiae.co.kr/article/2022040610102071474,https://news.naver.com/main/read.naver?mode=LSD&mid=sec&sid1=101&oid=277&aid=0005069647,"세계적인 <b>코로나</b>19 확산 장기화와 러시아의 우크라이나 침공으로 인한 공급망 교란 속에서도 1분기 기준... 특히 <b>코로나</b>19 확산부터 글로벌 공급망 위기, 우크라이나 사태 등 대내외 악재가 산적한 상황을 감안할 때... ","Wed, 06 Apr 2022 11:14:00 +0900",2022-04-06 11:19:47
안마의자 3사 성적표 희비 교차…바디프랜드·코지마 웃고 휴테크 울고,https://www.ajunews.com/view/20220406104543924,https://www.ajunews.com/view/20220406104543924,코지마 관계자는 “지속되는 <b>코로나</b>19 여파로 건강에 대한 관심이 집중되면서 관련 가전기기의 수요가 꾸준히 증가했다”며 “소비 트렌드 변화에 발맞춰 자체 라이브 커머스를 강화한 것도 주효했다”고 설명했다.... ,"Wed, 06 Apr 2022 11:14:00 +0900",2022-04-06 11:19:47
"서천군, 김성관 부군수 권한대행 체제 전환",https://www.ajunews.com/view/20220406105101935,https://www.ajunews.com/view/20220406105101935,"이와 함께 “선거를 앞두고 공직선거법 위반 등 공직기강 해이가 발생하지 않도록 각 부서장 책임 하에 복무 관리에 철저를 기할 것”과 “<b>코로나</b>19로 지역경제 침체와 주민 건강 악화, 생활 불편 등 군민들의 어려움이... ","Wed, 06 Apr 2022 11:14:00 +0900",2022-04-06 11:19:47
제주 <b>코로나</b>19 확진자 4159명…사망자도 5명 추가,http://www.jejuilbo.net/news/articleView.html?idxno=180992,http://www.jejuilbo.net/news/articleView.html?idxno=180992,제주특별자치도는 지난 5일 도내 <b>코로나</b>19 확진자 4159명이 발생했다고 6일 밝혔다. 누적 확진자는 18만4609명이다. 도내 <b>코로나</b>19 사망자는 5명 늘어 누적 129명이 됐다. 사망자는 75세~93세 고령으로 모두... ,"Wed, 06 Apr 2022 11:14:00 +0900",2022-04-06 11:19:47
"전남 보성군, 식품·이미용 업소 환경개선 사업 지원 확대",https://www.wikitree.co.kr/articles/745246,https://www.wikitree.co.kr/articles/745246,보성군 관계자는 “<b>코로나</b>로 인해 지역 소상공인들의 어려움이 크다. ”며 “쾌적하고 위생적인 환경을 조성하기 위해 노력하는 지역 소상공인과 함께 노력해 지역상권 활성화를 이끌겠다. ”고 말했다.,"Wed, 06 Apr 2022 11:14:00 +0900",2022-04-06 11:19:47
미코노미 증가로 이색 과일이 전통 과일 눌렀다,https://wemakenews.co.kr/news/view.php?no=14630,https://wemakenews.co.kr/news/view.php?no=14630,GS더프레시는 1인 가구가 점차 증가하고 <b>코로나</b>19로 인한 야외활동의 제약이 특별한 고객 경험을 추구하는 소비로 해소하고자 하는 트렌드가 늘어 프리미엄 미코노미(Me와 Economy의 합성어로 나를 위한 소비)가... ,"Wed, 06 Apr 2022 11:14:00 +0900",2022-04-06 11:19:47
경북 영덕에 ‘물 치유호텔’ 들어선다,https://www.wikitree.co.kr/articles/745245,https://www.wikitree.co.kr/articles/745245,"특히, 국내 최고 수준의 수질 조건인 온천수를 활용한 스파 및 사우나를 함께 도입해 <b>코로나</b> 이후 떠오르는 건강과 치유의 여행 트렌드에 맞춰 관광객들의 발길을 붙잡을 것으로 전망된다.투자사인 ㈜동주개발은 대구... ","Wed, 06 Apr 2022 11:14:00 +0900",2022-04-06 11:19:47
[연구보고서 소개] <b>코로나</b>19 위기와 노동시장 충격,http://news.inochong.org/detail.php?number=3857&thread=22r07,http://news.inochong.org/detail.php?number=3857&thread=22r07,"황선자·임찬영·김난주2020년 초 시작되어 장기화되고 있는 <b>코로나</b>19 팬데믹에 따른 고용충격은 통계상으로 1997년 IMF 외환위기 다음으로 큰 것으로 나타났는데, 본 연구는 <b>코로나</b>19 위기가 노동시장 취약계층의 고용 및... ","Wed, 06 Apr 2022 11:14:00 +0900",2022-04-06 11:19:47
'집값' 때문에 서울 떠나는 30대,http://www.newspim.com/news/view/20220406000455,http://www.newspim.com/news/view/20220406000455,◆ 여가는 실내 활동 위주…<b>코로나</b> 우울감은 감소 2030세대 절반 이상(주중 60.1%·주말 44.9%)은 여가시간을... 한편 2년간 <b>코로나</b>19를 겪으며 우울감은 감소했지만 행복감도 더 낮아졌다. 다만 여성이 우울감을 더... ,"Wed, 06 Apr 2022 11:13:00 +0900",2022-04-06 11:19:47
소비자 10명 중 6명은 첫 차로 중고차 선호… ‘허위 매물’은 우려,https://biz.chosun.com/industry/car/2022/04/06/FP5VPZBDB5CXZCFWQOQNOMG2AM/?utm_source=naver&utm_medium=original&utm_campaign=biz,https://news.naver.com/main/read.naver?mode=LSD&mid=sec&sid1=103&oid=366&aid=0000804565,"얼마 전까지만 해도 중고차를 직접 보고 고르는 경우가 대부분이었지만, <b>코로나</b> 사태 이후 온라인 구매 트렌드가 확산한 것이 중고차 시장에도 영향을 미친 것으로 분석된다. 첫차로 가장 희망하는 차종은 현대차... ","Wed, 06 Apr 2022 11:13:00 +0900",2022-04-06 11:19:47
"6일부터 확진자 처방의약품, 약국서 직접 받는다",http://www.segye.com/content/html/2022/04/06/20220406507303.html?OutUrl=naver,https://news.naver.com/main/read.naver?mode=LSD&mid=sec&sid1=102&oid=022&aid=0003683561,사진=연합뉴스 신종 <b>코로나</b>바이러스 감염증(<b>코로나</b>19) 확진자는 대면 진료 후 약국에서 직접 약을 받아갈 수 있게 됐다. 중앙재난안전대책본부는 6일 이 같은 내용의 재택치료자 진료 후 의약품 대면 처방·조제 추진방안을... ,"Wed, 06 Apr 2022 11:13:00 +0900",2022-04-06 11:19:47
"한국지멘스 디지털 인더스트리, 신규 이벤트 라이브러리 웹사이트 론칭",http://www.etnews.com/20220406000098,https://news.naver.com/main/read.naver?mode=LSD&mid=sec&sid1=105&oid=030&aid=0003008276,관계자는 &quot;최근 <b>코로나</b>19 팬더믹 상황에 따라 급변하는 온라인 이벤트 환경에 발맞춰 DI는 이벤트 라이브러리 페이지 개발을 완료했다&quot;라며 &quot;이를 통해 새로운 산업주도권을 발굴하며 기존 고객에 대한 충성도를 확보하는... ,"Wed, 06 Apr 2022 11:13:00 +0900",2022-04-06 11:19:47
"진주시, 항공국가산단·뿌리산단 대규모 투자협약 체결",http://www.newsis.com/view/?id=NISX20220406_0001822668&cID=10812&pID=10800,https://news.naver.com/main/read.naver?mode=LSD&mid=sec&sid1=102&oid=003&aid=0011106381,진주시는 이날 투자협약으로 <b>코로나</b>19 등 연이은 경제 위기 시기에 국내기업의 투자유치를 성사시켜 지역 경제의 불황 극복과 일자리 창출에 활력을 불어넣을 것으로 기대하고 있다. 우현선박기술㈜은 국내 대표... ,"Wed, 06 Apr 2022 11:13:00 +0900",2022-04-06 11:19:47
"인도네시아, 무격리 입국 이어 무비자·도착비자도 부활",http://yna.kr/AKR20220406068300104?did=1195m,https://news.naver.com/main/read.naver?mode=LSD&mid=sec&sid1=104&oid=001&aid=0013095921,성혜미 특파원 = 인도네시아 정부가 <b>코로나</b>19 상황 안정화에 따라 백신접종 완료자에 대한 무격리 입국 허용에 이어 국가별로 무비자·도착 비자 발급을 재개한다. 입국 후 체온 검사만 통과하면 <b>코로나</b>19 유전자증폭... ,"Wed, 06 Apr 2022 11:13:00 +0900",2022-04-06 11:19:47
[속보] 오늘부터 확진자가 직접 약국서 처방의약품 수령 가능,http://www.busan.com/view/busan/view.php?code=2022040611033934168,https://news.naver.com/main/read.naver?mode=LSD&mid=sec&sid1=102&oid=082&aid=0001149528,비대면 또는 대면 진료를 받은 <b>코로나</b>19 확진자도 6일부터는 직접 약국에 가서 약을 받을 수 있다.... 앞서 지금까지 <b>코로나</b>19 확진자는 병·의원에서 약 처방을 받아도 약국에 직접 가지 못하고 가족이나 지인을 대신 보내... ,"Wed, 06 Apr 2022 11:13:00 +0900",2022-04-06 11:19:47
&quot;백신 수요·접종률 급감&quot;…목표주가 29→18만,http://www.wowtv.co.kr/NewsCenter/News/Read?articleId=A202204060110&t=NN,https://news.naver.com/main/read.naver?mode=LSD&mid=sec&sid1=101&oid=215&aid=0001024200,"<b>코로나</b>19 오미크론 변이 확산으로 최근 백신 수요가 급격하게 줄어드는 가운데, 증권사들이 백신 전문... 11조2천억원으로, <b>코로나</b>19 백신 'GBP510'의 신약 가치를 기존 2조5천억원에서 6천억원으로 하향 조정했다&quot;고... ","Wed, 06 Apr 2022 11:13:00 +0900",2022-04-06 11:19:47
"안랩, 다양한 내용으로 위장한 악성 문서 파일 주의 당부",http://kbench.com/?q=node/231468,http://kbench.com/?q=node/231468,"안랩(대표 강석균)이 지난 3월 한달 간 울진 산불 피해 기부금 영수증, <b>코로나</b> 확진자 및 동거인 안내문... 지난 3월, 역대 최다 일일 <b>코로나</b>19 확진자 수를 기록한 가운데 확진자 및 동거인 안내문 (50)이라는 제목의 악성... ","Wed, 06 Apr 2022 11:12:00 +0900",2022-04-06 11:19:47
"홍진영, 논란 딛고 가수로 복귀…라틴 트로트 '비바 라 비다'",https://www.hankyung.com/entertainment/article/202204067304H,https://news.naver.com/main/read.naver?mode=LSD&mid=sec&sid1=106&oid=015&aid=0004682539,하루를 보내는 이들의 모습을 담아 미리보는 뜨거운 여름의 열정이 느껴진다. 강원도 양양의 해변에서 촬영한 뮤직비디오는 <b>코로나</b>로 지친 이들에게 음악이 주는 밝고 경쾌한 리듬을 통해 활력을 전하는 내용으로 구성됐다.,"Wed, 06 Apr 2022 11:12:00 +0900",2022-04-06 11:19:47
"택시업계, LPG가격 안정화 강력 호소",http://www.gasnews.com/news/articleView.html?idxno=104411,http://www.gasnews.com/news/articleView.html?idxno=104411,사진은 특정기사와 무관 LPG가격 급등과 <b>코로나</b> 장기화에 따른 이동감소 등으로 택시업계가 경영난에... 개인택시 또한 <b>코로나</b>19 방역조치 강화로 이용수요 급감에 따른 매출 감소와 폭등한 LPG가격 부담으로 더 이상... ,"Wed, 06 Apr 2022 11:12:00 +0900",2022-04-06 11:19:47
부산시교육청 부산기초학력지원센터 확대·운영,https://www.asiatoday.co.kr/view.php?key=20220406010003130,https://www.asiatoday.co.kr/view.php?key=20220406010003130,부산시교육청은 <b>코로나</b>19 장기화로 인한 학생들의  교육회복 및 기초학력 보장을 위해 난독뿐만 아니라 배움이 느린 학생까지 맞춤 지원을 할 수 있도록 ‘부산기초학력지원센터’를 확대·운영한다고 6일 밝혔다.... ,"Wed, 06 Apr 2022 11:12:00 +0900",2022-04-06 11:19:47
"카카오, 소상공인 1000억·플랫폼 종사자 500억 '상생기금' 활용",http://www.seoulfn.com/news/articleView.html?idxno=451576,http://www.seoulfn.com/news/articleView.html?idxno=451576,"먼저 카카오는 <b>코로나</b>19로 비대면이 일상화되고, 디지털화가 가속되고 있는 상황에서 소상공인의 디지털 소통을 돕기 위한 '소신상인' 프로젝트를 상반기 중 시작한다. 소신상인 프로젝트는 소신을 가지고 사업을... ","Wed, 06 Apr 2022 11:12:00 +0900",2022-04-06 11:19:47
"익산 농촌관광, 현장에서 답을 찾다",http://www.discoverynews.kr/news/articleView.html?idxno=775558,http://www.discoverynews.kr/news/articleView.html?idxno=775558,시 관계자는 &quot;포럼을 통해 지속 가능한 관광생태계 구축과 <b>코로나</b>19 이후 농촌관광과 연계한 여행상품 개발에 대한 방향성을 모색하는 시간이었다&quot;며 &quot;앞으로 농촌관광의 메카로 자리매김 하도록 전략을 세워 추진해... ,"Wed, 06 Apr 2022 11:12:00 +0900",2022-04-06 11:19:47
'국제선 단계적 일상회복 방안' 추진...5월부터 항공편 대폭 증편,http://www.hg-times.com/news/articleView.html?idxno=240365,http://www.hg-times.com/news/articleView.html?idxno=240365,사진출처=국토부 <b>코로나</b>19 유입 확산을 방지하기 위해 축소됐던 국제 항공편의 노선이 오는 5월부터 대폭 증편된다. 국토교통부는 6일 열린 <b>코로나</b>19 중앙재난안전대책본부회의에서 연말까지 국제선 운항 규모를 50... ,"Wed, 06 Apr 2022 11:12:00 +0900",2022-04-06 11:19:47
부산 1만483명 신규 확진…중환자병상 81.8% 가동,http://www.newspim.com/news/view/20220406000475,http://www.newspim.com/news/view/20220406000475,"부산시는 6일 0시 기준 <b>코로나</b>19 확진자 1만483명이 증가해 94만9210명으로 집계됐다고 밝혔다. 부산 <b>코로나</b>19 현황[표=부산시] 2022.04.06 ndh4000@newspim.com 지역별로는 중구 107명, 서구 269명, 동구 233명... ","Wed, 06 Apr 2022 11:12:00 +0900",2022-04-06 11:19:47
"인천시교육청, 학생 인성교육 강화 지원",https://www.dnews.co.kr/uhtml/view.jsp?idxno=202204061029545460846,https://www.dnews.co.kr/uhtml/view.jsp?idxno=202204061029545460846,"인천시교육청은 10억5000만원의 예산을 추가 편성해 <b>코로나</b>19로 인한 비대면 상황의 증가로 대면 활동이 급격하게 줄어들면서 효, 예절, 배려와 소통 등 삶에서 가장 중요한 기본교육이 제대로 이루어지지 하는 현실을... ","Wed, 06 Apr 2022 11:12:00 +0900",2022-04-06 11:19:47
"쿠팡 여행 자회사 '떠나요', '2022 대한민국 숙박대전' 참여",http://www.nextdaily.co.kr/news/articleView.html?idxno=204692,http://www.nextdaily.co.kr/news/articleView.html?idxno=204692,<b>코로나</b>19 사태로 인해 피해를 입은 영세 숙박업계를 위해 중개 수수료 완화에 나선 것이다. 떠나요는... 이재원 떠나요 대표는 &quot;<b>코로나</b>19로 어려웠던 숙박업체들을 돕기 위해 지난해에 이어 올해도 대한민국 숙박대전에... ,"Wed, 06 Apr 2022 11:12:00 +0900",2022-04-06 11:19:47
'이틀 연속 1만 명대' 인천 <b>코로나</b>19 확진자 1만 4845명...사망자 19명,https://www.kgnews.co.kr/news/article.html?no=695836,https://www.kgnews.co.kr/news/article.html?no=695836,인천의 <b>코로나</b>19 확진자가 이틀 연속 1만 명대를 이어갔다. 인천시는 6일 0시 기준 인천의 <b>코로나</b>19 신규 확진자가 전날 대비 1만 4845명 늘어 누적 89만 4831명을 기록했다고 밝혔다. 인천의 신규 확진자는... ,"Wed, 06 Apr 2022 11:12:00 +0900",2022-04-06 11:19:47
"멈춰버린 제주국제공항 국제선, 5월부터 운영 들어간다",http://www.mediajeju.com/news/articleView.html?idxno=336732,http://www.mediajeju.com/news/articleView.html?idxno=336732,국토교통부는 지난달 31일 열린 '<b>코로나</b>19 해외유입상황평가회의'와 6일 열린 '<b>코로나</b>19 중앙재난안전대책본부' 회의 결과 올해 말까지 국제선 운항 규모를 50%까지 회복하는 '국제선 단계적 일상회복 방안'을 추진하기로... ,"Wed, 06 Apr 2022 11:12:00 +0900",2022-04-06 11:19:47
"하나금융투자 &quot;음식료 종목, CJ제일제당 · 하이트진로 · 롯데칠성 주목&quot;",http://www.choicenews.co.kr/news/articleView.html?idxno=90269,http://www.choicenews.co.kr/news/articleView.html?idxno=90269,심 애널리스트는 &quot;주류시장도 회복 추세로 판단된다&quot;며 &quot;올해 주류시장이 <b>코로나</b>19 발생 첫 해인 2020년 상반기 수준까지만 회복하더라도 전년 대비 7~13% 성장할 것으로 예상된다&quot;고 설명했다. 특히 &quot;소주와 맥주의... ,"Wed, 06 Apr 2022 11:12:00 +0900",2022-04-06 11:19:47
"삼성자산운용, 'KODEX 미국S&amp;P에너지' 수익률 64.91%…해외ETF 중 1위",https://www.asiatoday.co.kr/view.php?key=20220406010003136,https://www.asiatoday.co.kr/view.php?key=20220406010003136,임태혁 삼성자산운용 ETF 운용본부장은 “최근 미국의 통화정책 정상화 예고에도 고용 회복에 기반한 경기 회복 기대가 지속적으로 이어지고 있다”며 “<b>코로나</b>19와 지정학적 리스크가 겹치며 유가가... ,"Wed, 06 Apr 2022 11:12:00 +0900",2022-04-06 11:19:47
"광진구, 봉제업체 작업환경 개선 지원... 8일까지 접수",http://www.hg-times.com/news/articleView.html?idxno=240366,http://www.hg-times.com/news/articleView.html?idxno=240366,올해도 구는 <b>코로나</b>19 장기화로 어려움을 겪고 있는 봉제업체 지원을 위해 ▲봉제소상공인 종량제 봉투지원 사업 3억원 ▲스마트솔루션앵커사업 8억원 ▲봉제업체 실태조사 용역 2000만원 등을 추경에 편성한 상태다.... ,"Wed, 06 Apr 2022 11:12:00 +0900",2022-04-06 11:19:47
전국 <b>코로나</b>19 확진자 현황 (4. 6. 00시 기준),https://www.sisa-news.com/news/article.html?no=194929,https://www.sisa-news.com/news/article.html?no=194929,"(4.5. 17시 기준) <b>코로나</b>19 병상 보유량은 전체 52,505병상이다. 병상 가동률은 위중증병상 60.6%, 준-중증병상 66.0% 중등증병상 36.9%이다. 생활치료센터 가동률은 18.6%이다. (4.6. 0시 기준)","Wed, 06 Apr 2022 11:12:00 +0900",2022-04-06 11:19:47
오늘부터 재택치료자 본인이 직접 약 처방 가능해,https://www.sisa-news.com/news/article.html?no=194930,https://www.sisa-news.com/news/article.html?no=194930,<b>코로나</b>19 확진자인 재택치료자가 이제부턴 대리인이 아닌 본인 스스로 약국을 방문해 약을 처방받을 수... 정부는 <b>코로나</b>19 약국 감염예방 가이드라인과 확진자 대면 의약품 수령에 따른 추가 보상 방안을 마련했다.... ,"Wed, 06 Apr 2022 11:12:00 +0900",2022-04-06 11:19:47
5월부터 국제선 빗장 푼다…면세·호텔업계 매출 정상화 기대,https://www.news1.kr/articles/?4639393,https://news.naver.com/main/read.naver?mode=LSD&mid=sec&sid1=101&oid=421&aid=0006012045,한 호텔업계 관계자는 &quot;<b>코로나</b>19 확산 등으로 침체된 호텔 업계가 조금씩 제자리를 찾을 수 있을 것&quot;이라고 전했다. 면세점과 마찬가지로 외국인 입국이 이뤄지는 데 시간일 걸릴 것이라며 상황을 예의주시하는 모습이다.... ,"Wed, 06 Apr 2022 11:12:00 +0900",2022-04-06 11:19:47
164억 듀오→21타수 1안타...'물방망이 타선' 이길래야 이길 수 없다' [유진형...,http://www.mydaily.co.kr/new_yk/html/read.php?newsid=202204060909234634&ext=na&utm_campaign=naver_news&utm_source=naver&utm_medium=related_news,https://sports.news.naver.com/news.nhn?oid=117&aid=0003591413,그리고 주전 포수 양의지와 내야수 노진혁까지 시즌 전 <b>코로나</b>19로 전력에서 이탈하며 타선의 무게감은 더 떨어졌다. 개막 3경기째 멀티히트를 때려낸 타자가 없다. 이제 3경기는 치렀을 뿐이기에 섣불리 판단할... ,"Wed, 06 Apr 2022 11:12:00 +0900",2022-04-06 11:19:47
<b>코로나</b> 감소세로 다음달 국제선 주간 100회씩 증편,http://tbs.seoul.kr/news/newsView.do?typ_800=6&idx_800=3466497&seq_800=20459155,http://tbs.seoul.kr/news/newsView.do?typ_800=6&idx_800=3466497&seq_800=20459155,"정부가 <b>코로나</b>19의 유행이 3주째 감소세를 보이자 국제선 운항 횟수를 크게 늘리고 지방 공항의 국제선... 정부는 이와 함께 현재 4,800여개 수준인 외래진료센터를 일반 동네 병·의원 대상으로 확대해 <b>코로나</b> 환자에 대한... ","Wed, 06 Apr 2022 11:12:00 +0900",2022-04-06 11:19:47
소방공무원 채용시험 9일 실시… 공채 과목 개편 뒤 첫 시험,http://www.public25.com/news/articleView.html?idxno=10698,http://www.public25.com/news/articleView.html?idxno=10698,이번 시험에서는 신종 <b>코로나</b>바이러스 감염증(<b>코로나</b>19)으로수요가 늘어난 구급대원만 1018명 등 3814명을 뽑는다. 지난해구급대원 선발인원은 847명이었다. 이 가운데 1947명을 뽑는 공개경쟁채용시험에는 2만... ,"Wed, 06 Apr 2022 11:12:00 +0900",2022-04-06 11:19:47
"호텔신라-제주관광공사, 안심으로 더 맛있는 제주만들기 업무협약",http://www.headlinejeju.co.kr/news/articleView.html?idxno=481032,http://www.headlinejeju.co.kr/news/articleView.html?idxno=481032,"특히, 청정제주의 청결한 서비스를 만들어 가고 있는 제주관광공사의 '안심채움' 캠페인과 영세식당의 자립을 돕는 호텔신라의 '맛있는 제주만들기'의 강점을 접목해 제주 관광 만족도 향상과 포스트<b>코로나</b> 시대 외국인... ","Wed, 06 Apr 2022 11:12:00 +0900",2022-04-06 11:19:47
"<b>코로나</b>19, 오미크론 증상 순서·재감염·후유증·신종 변이까지 (종합)",http://www.ggilbo.com/news/articleView.html?idxno=905304,http://www.ggilbo.com/news/articleView.html?idxno=905304,"<b>코로나</b>19, 오미크론 증상 순서·재감염·후유증·신종 변이까지 (종합) 확진자 수가 전국적으로 증폭되고... 기존 <b>코로나</b>19 바이러스의 치사율이 1.9%인데 반해 오미크론은 기존 바이러스의 4분의 1정도의 치사율을 갖는... ","Wed, 06 Apr 2022 11:12:00 +0900",2022-04-06 11:19:47
"제주도, 정부에 ‘무사증 입국 제도 재개’ 공식 요청",https://biz.chosun.com/topics/topics_social/2022/04/06/NTO55ZX3QRHJTN3P7OMRO3BPWA/?utm_source=naver&utm_medium=original&utm_campaign=biz,https://news.naver.com/main/read.naver?mode=LSD&mid=sec&sid1=102&oid=366&aid=0000804563,제주도가 신종 <b>코로나</b>바이러스 감염증(<b>코로나</b>19)로 중단된 무사증(무비자) 입국 제도를 재개해달라고 정부에 공식 요청했다. 6일 제주도는 ‘백신접종 완료 해외 입국자 격리면제 방침 시행’에 따라 문화체육관광부와... ,"Wed, 06 Apr 2022 11:11:00 +0900",2022-04-06 11:19:47
국제선 하늘 길 5월부터 넓어진다…주간 100회씩 증편,https://news.imaeil.com/page/view/2022040610545935853,https://news.naver.com/main/read.naver?mode=LSD&mid=sec&sid1=100&oid=088&aid=0000752485,<b>코로나</b>19로 2년 넘게 닫혔던 국제선 하늘길이 5월부터 본격적으로 열린다. 국토교통부는 지난 3월 <b>코로나</b>19 해외유입 상황평가회의와 6일 열린 중앙재난안전대책본부 회의에서 연말까지 국제선 운항 규모를 50%까지... ,"Wed, 06 Apr 2022 11:11:00 +0900",2022-04-06 11:19:47
<b>코로나</b>19 사태 속 철도기관 '경영 악화·채용 위축',http://www.shinailbo.co.kr/news/articleView.html?idxno=1535939,http://www.shinailbo.co.kr/news/articleView.html?idxno=1535939,"<b>코로나</b>19 사태 속에서 철도기관들의 경영이 악화하고신규 채용도 위축된 것으로 나타났다. 철도 분야 대표 기관인 철도공단과 한국철도, SR 모두 <b>코로나</b>19 발발 후 영업이익이 줄거나 손실 규모가 확대했다.... ","Wed, 06 Apr 2022 11:10:00 +0900",2022-04-06 11:19:47
